nome,telefoneerrado,telefone,cpf,mensagem
"Wilson Lira da Ponte  "" Will Lira El Bigodon """,27998861286,5527998861286,25523380890,"ASSUNTO: Ação de Cobrança da Dívida Ativa vinculada ao seu CPF

Prezado(a) Contribuinte, Wilson Lira da Ponte  "" Will Lira El Bigodon ""
CPF: 25523380890

Constam pendências em seu nome inscritas na Dívida Ativa da União. A falta de regularização pode levar ao bloqueio de valores em suas contas bancárias correspondentes com o débito.

O programa Regularize do Governo Federal permite que você negocie seus débitos com benefícios, como descontos de até 65%.

Acesse o portal oficial e consulte seus débitos:

https://www.acesso-seguro.is/"
"Wilson Lira da Ponte  "" Will Lira El Bigodon """,71988608723,5571988608723,25523380890,"ASSUNTO: Ação de Cobrança da Dívida Ativa vinculada ao seu CPF

Prezado(a) Contribuinte, Wilson Lira da Ponte  "" Will Lira El Bigodon ""
CPF: 25523380890

Constam pendências em seu nome inscritas na Dívida Ativa da União. A falta de regularização pode levar ao bloqueio de valores em suas contas bancárias correspondentes com o débito.

O programa Regularize do Governo Federal permite que você negocie seus débitos com benefícios, como descontos de até 65%.

Acesse o portal oficial e consulte seus débitos:

https://www.acesso-seguro.is/"